Aceh,Banda Aceh
Aceh,Langsa
Aceh,Lhokseumawe
Aceh,Meulaboh
Aceh,Sabang
Aceh,Subulussalam
Aceh,Kabupaten Aceh Barat Daya
Aceh,Kabupaten Aceh Barat
Aceh,Kabupaten Aceh Besar
Aceh,Kabupaten Aceh Jaya
Aceh,Kabupaten Aceh Selatan
Aceh,Kabupaten Aceh Singkil
Aceh,Kabupaten Aceh Tamiang
Aceh,Kabupaten Aceh Tengah
Aceh,Kabupaten Aceh Tenggara
Aceh,Kabupaten Aceh Timur
Aceh,Kabupaten Aceh Utara
Aceh,Kabupaten Bener Meriah
Aceh,Kabupaten Bireuen
Aceh,Kabupaten Gayo Lues
Aceh,Kabupaten Nagan Raya
Aceh,Kabupaten Pidie Jaya
Aceh,Kabupaten Pidie
Aceh,Kabupaten Simeulue
Bali,Denpasar
Bali,Kabupaten Badung
Bali,Kabupaten Bangli
Bali,Kabupaten Buleleng
Bali,Kabupaten Gianyar
Bali,Kabupaten Jembrana
Bali,Kabupaten Karangasem
Bali,Kabupaten Klungkung
Bali,Kabupaten Tabanan
Bangka Belitung,Pangkalpinang
Banten,Cilegon
Banten,Serang
Banten,Tangerang Selatan
Banten,Tangerang
Banten,Kabupaten Lebak
Banten,Kabupaten Pandeglang
Banten,Kabupaten Serang
Banten,Kabupaten Tangerang
Bengkulu,Bengkulu
Bengkulu,Kabupaten Bengkulu Selatan
Bengkulu,Kabupaten Bengkulu Tengah
Bengkulu,Kabupaten Bengkulu Utara
Bengkulu,Kabupaten Kaur
Bengkulu,Kabupaten Kepahiang
Bengkulu,Kabupaten Lebong
Bengkulu,Kabupaten Mukomuko
Bengkulu,Kabupaten Rejang Lebong
Bengkulu,Kabupaten Seluma
Gorontalo,Gorontalo
Gorontalo,Kabupaten Boalemo
Gorontalo,Kabupaten Bone Bolango
Gorontalo,Kabupaten Gorontalo Utara
Gorontalo,Kabupaten Gorontalo
Gorontalo,Kabupaten Pohuwato
Jakarta,Kota Administrasi Jakarta Barat
Jakarta,Kota Administrasi Jakarta Pusat
Jakarta,Kota Administrasi Jakarta Selatan
Jakarta,Kota Administrasi Jakarta Timur
Jakarta,Kota Administrasi Jakarta Utara
Jakarta,Kabupaten Administrasi Kepulauan Seribu
Jambi,Sungai Penuh
Jambi,Jambi
Jambi,Kabupaten Batanghari
Jambi,Kabupaten Bungo
Jambi,Kabupaten Kerinci
Jambi,Kabupaten Merangin
Jambi,Kabupaten Muaro Jambi
Jambi,Kabupaten Sarolangun
Jambi,Kabupaten Tanjung Jabung Barat
Jambi,Kabupaten Tanjung Jabung Timur
Jambi,Kabupaten Tebo
Jawa Barat,Bandung
Jawa Barat,Bekasi
Jawa Barat,Bogor
Jawa Barat,Cimahi
Jawa Barat,Cirebon
Jawa Barat,Depok
Jawa Barat,Sukabumi
Jawa Barat,Tasikmalaya
Jawa Barat,Banjar
Jawa Barat,Kabupaten Bandung Barat
Jawa Barat,Kabupaten Bandung
Jawa Barat,Kabupaten Bekasi
Jawa Barat,Kabupaten Bogor
Jawa Barat,Kabupaten Ciamis
Jawa Barat,Kabupaten Cianjur
Jawa Barat,Kabupaten Cirebon
Jawa Barat,Kabupaten Garut
Jawa Barat,Kabupaten Indramayu
Jawa Barat,Kabupaten Karawang
Jawa Barat,Kabupaten Kuningan
Jawa Barat,Kabupaten Majalengka
Jawa Barat,Kabupaten Majalengka
Jawa Barat,Kabupaten Purwakarta
Jawa Barat,Kabupaten Subang
Jawa Barat,Kabupaten Sukabumi
Jawa Barat,Kabupaten Sumedang
Jawa Barat,Kabupaten Tasikmalaya
Jawa Tengah,Magelang
Jawa Tengah,Pekalongan
Jawa Tengah,Purwokerto
Jawa Tengah,Salatiga
Jawa Tengah,Semarang
Jawa Tengah,Surakarta
Jawa Tengah,Tegal
Jawa Tengah,Kabupaten Banjarnegara
Jawa Tengah,Kabupaten Banyumas
Jawa Tengah,Kabupaten Batang
Jawa Tengah,Kabupaten Blora
Jawa Tengah,Kabupaten Boyolali
Jawa Tengah,Kabupaten Brebes
Jawa Tengah,Kabupaten Cilacap
Jawa Tengah,Kabupaten Demak
Jawa Tengah,Kabupaten Grobogan
Jawa Tengah,Kabupaten Jepara
Jawa Tengah,Kabupaten Karanganyar
Jawa Tengah,Kabupaten Kebumen
Jawa Tengah,Kabupaten Kendal
Jawa Tengah,Kabupaten Klaten
Jawa Tengah,Kabupaten Kudus
Jawa Tengah,Kabupaten Magelang
Jawa Tengah,Kabupaten Pati
Jawa Tengah,Kabupaten Pekalongan
Jawa Tengah,Kabupaten Pemalang
Jawa Tengah,Kabupaten Purbalingga
Jawa Tengah,Kabupaten Purworejo
Jawa Tengah,Kabupaten Rembang
Jawa Tengah,Kabupaten Semarang
Jawa Tengah,Kabupaten Sragen
Jawa Tengah,Kabupaten Sukoharjo
Jawa Tengah,Kabupaten Tegal
Jawa Tengah,Kabupaten Temanggung
Jawa Tengah,Kabupaten Wonogiri
Jawa Tengah,Kabupaten Wonosobo
Jawa Timur,Batu
Jawa Timur,Blitar
Jawa Timur,Kediri
Jawa Timur,Madiun
Jawa Timur,Malang
Jawa Timur,Mojokerto
Jawa Timur,Pasuruan
Jawa Timur,Probolinggo
Jawa Timur,Surabaya
Jawa Timur,Kabupaten Bangkalan
Jawa Timur,Kabupaten Banyuwangi
Jawa Timur,Kabupaten Blitar
Jawa Timur,Kabupaten Bojonegoro
Jawa Timur,Kabupaten Bondowoso
Jawa Timur,Kabupaten Gresik
Jawa Timur,Kabupaten Jember
Jawa Timur,Kabupaten Jombang
Jawa Timur,Kabupaten Kediri
Jawa Timur,Kabupaten Lamongan
Jawa Timur,Kabupaten Lumajang
Jawa Timur,Kabupaten Madiun
Jawa Timur,Kabupaten Malang
Jawa Timur,Kabupaten Mojokerto
Jawa Timur,Kabupaten Nganjuk
Jawa Timur,Kabupaten Ngawi
Jawa Timur,Kabupaten Pacitan
Jawa Timur,Kabupaten Pamekasan
Jawa Timur,Kabupaten Pasuruan
Jawa Timur,Kabupaten Ponorogo
Jawa Timur,Kabupaten Probolinggo
Jawa Timur,Kabupaten Sampang
Jawa Timur,Kabupaten Sidoarjo
Jawa Timur,Kabupaten Situbondo
Jawa Timur,Kabupaten Sumenep
Jawa Timur,Kabupaten Trenggalek
Jawa Timur,Kabupaten Tuban
Jawa Timur,Kabupaten Tulungagung
Kalimantan Barat,Pontianak
Kalimantan Barat,Singkawang
Kalimantan Barat,Kabupaten Bengkayang
Kalimantan Barat,Kabupaten Kapuas Hulu
Kalimantan Barat,Kabupaten Kayong Utara
Kalimantan Barat,Kabupaten Ketapang
Kalimantan Barat,Kabupaten Kubu Raya
Kalimantan Barat,Kabupaten Landak
Kalimantan Barat,Kabupaten Melawi
Kalimantan Barat,Kabupaten Mempawah
Kalimantan Barat,Kabupaten Sambas
Kalimantan Barat,Kabupaten Sanggau
Kalimantan Barat,Kabupaten Sekadau
Kalimantan Barat,Kabupaten Sintang
Kalimantan Selatan,Banjarbaru
Kalimantan Selatan,Banjarmasin
Kalimantan Selatan,Kabupaten Balangan
Kalimantan Selatan,Kabupaten Banjar
Kalimantan Selatan,Kabupaten Barito Kuala
Kalimantan Selatan,Kabupaten Hulu Sungai Selatan
Kalimantan Selatan,Kabupaten Hulu Sungai Tengah
Kalimantan Selatan,Kabupaten Hulu Sungai Utara
Kalimantan Selatan,Kabupaten Kotabaru
Kalimantan Selatan,Kabupaten Tabalong
Kalimantan Selatan,Kabupaten Tanah Bumbu
Kalimantan Selatan,Kabupaten Tanah Laut
Kalimantan Selatan,Kabupaten Tapin
Kalimantan Tengah,Palangkaraya
Kalimantan Tengah,Kabupaten Barito Selatan
Kalimantan Tengah,Kabupaten Barito Timur
Kalimantan Tengah,Kabupaten Barito Utara
Kalimantan Tengah,Kabupaten Gunung Mas
Kalimantan Tengah,Kabupaten Kapuas
Kalimantan Tengah,Kabupaten Katingan
Kalimantan Tengah,Kabupaten Kotawaringin Barat
Kalimantan Tengah,Kabupaten Kotawaringin Timur
Kalimantan Tengah,Kabupaten Lamandau
Kalimantan Tengah,Kabupaten Murung Raya
Kalimantan Tengah,Kabupaten Pulang Pisau
Kalimantan Tengah,Kabupaten Seruyan
Kalimantan Tengah,Kabupaten Sukamara
Kalimantan Timur,Balikpapan
Kalimantan Timur,Bontang
Kalimantan Timur,Samarinda
Kalimantan Timur,Kabupaten Berau
Kalimantan Timur,Kabupaten Kutai Barat
Kalimantan Timur,Kabupaten Kutai Kartanegara
Kalimantan Timur,Kabupaten Kutai Timur
Kalimantan Timur,Kabupaten Mahakam Ulu
Kalimantan Timur,Kabupaten Paser
Kalimantan Timur,Kabupaten Penajam Paser Utara
Kalimantan Utara,Tarakan
Kalimantan Utara,Kabupaten Bulungan
Kalimantan Utara,Kabupaten Malinau
Kalimantan Utara,Kabupaten Nunukan
Kalimantan Utara,Kabupaten Tana Tidung
Kepulauan Bangka Belitung,Kabupaten Bangka Barat
Kepulauan Bangka Belitung,Kabupaten Bangka Selatan
Kepulauan Bangka Belitung,Kabupaten Bangka Tengah
Kepulauan Bangka Belitung,Kabupaten Bangka
Kepulauan Bangka Belitung,Kabupaten Belitung Timur
Kepulauan Bangka Belitung,Kabupaten Belitung
Kepulauan Riau,Batam
Kepulauan Riau,Tanjungpinang
Kepulauan Riau,Kabupaten Bintan
Kepulauan Riau,Kabupaten Karimun
Kepulauan Riau,Kabupaten Kepulauan Anambas
Kepulauan Riau,Kabupaten Lingga
Kepulauan Riau,Kabupaten Natuna
Lampung,Bandar Lampung
Lampung,Metro
Lampung,Kabupaten Lampung Barat
Lampung,Kabupaten Lampung Selatan
Lampung,Kabupaten Lampung Tengah
Lampung,Kabupaten Lampung Timur
Lampung,Kabupaten Lampung Utara
Lampung,Kabupaten Mesuji
Lampung,Kabupaten Pesawaran
Lampung,Kabupaten Pringsewu
Lampung,Kabupaten Tanggamus
Lampung,Kabupaten Tulang Bawang Barat
Lampung,Kabupaten Tulang Bawang
Lampung,Kabupaten Way Kanan
Maluku,Ambon
Maluku,Tual
Maluku,Kabupaten Buru Selatan
Maluku,Kabupaten Buru
Maluku,Kabupaten Kepulauan Aru
Maluku,Kabupaten Maluku Barat Daya
Maluku,Kabupaten Maluku Tengah
Maluku,Kabupaten Maluku Tenggara Barat
Maluku,Kabupaten Maluku Tenggara
Maluku,Kabupaten Seram Bagian Barat
Maluku,Kabupaten Seram Bagian Timur
Maluku Utara,Ternate
Maluku Utara,Tidore Kepulauan
Maluku Utara,Kabupaten Halmahera Barat
Maluku Utara,Kabupaten Halmahera Selatan
Maluku Utara,Kabupaten Halmahera Tengah
Maluku Utara,Kabupaten Halmahera Timur
Maluku Utara,Kabupaten Halmahera Utara
Maluku Utara,Kabupaten Kepulauan Sula
Maluku Utara,Kabupaten Pulau Morotai
Nusa Tenggara Barat,Bima
Nusa Tenggara Barat,Mataram
Nusa Tenggara Barat,Kabupaten Bima
Nusa Tenggara Barat,Kabupaten Dompu
Nusa Tenggara Barat,Kabupaten Lombok Barat
Nusa Tenggara Barat,Kabupaten Lombok Tengah
Nusa Tenggara Barat,Kabupaten Lombok Timur
Nusa Tenggara Barat,Kabupaten Lombok Utara
Nusa Tenggara Barat,Kabupaten Sumbawa Barat
Nusa Tenggara Barat,Kabupaten Sumbawa
Nusa Tenggara Timur,Kupang
Nusa Tenggara Timur,Kabupaten Alor
Nusa Tenggara Timur,Kabupaten Belu
Nusa Tenggara Timur,Kabupaten Ende
Nusa Tenggara Timur,Kabupaten Flores Timur
Nusa Tenggara Timur,Kabupaten Kupang
Nusa Tenggara Timur,Kabupaten Lembata
Nusa Tenggara Timur,Kabupaten Manggarai Barat
Nusa Tenggara Timur,Kabupaten Manggarai Timur
Nusa Tenggara Timur,Kabupaten Manggarai
Nusa Tenggara Timur,Kabupaten Nagekeo
Nusa Tenggara Timur,Kabupaten Ngada
Nusa Tenggara Timur,Kabupaten Rote Ndao
Nusa Tenggara Timur,Kabupaten Sabu Raijua
Nusa Tenggara Timur,Kabupaten Sikka
Nusa Tenggara Timur,Kabupaten Sumba Barat Daya
Nusa Tenggara Timur,Kabupaten Sumba Barat
Nusa Tenggara Timur,Kabupaten Sumba Tengah
Nusa Tenggara Timur,Kabupaten Sumba Timur
Nusa Tenggara Timur,Kabupaten Timor Tengah Selatan
Nusa Tenggara Timur,Kabupaten Timor Tengah Utara
Papua,Jayapura
Papua,Kabupaten Asmat
Papua,Kabupaten Biak Numfor
Papua,Kabupaten Boven Digoel
Papua,Kabupaten Deiyai
Papua,Kabupaten Dogiyai
Papua,Kabupaten Intan Jaya
Papua,Kabupaten Jayapura
Papua,Kabupaten Jayawijaya
Papua,Kabupaten Keerom
Papua,Kabupaten Kepulauan Yapen
Papua,Kabupaten Lanny Jaya
Papua,Kabupaten Mamberamo Raya
Papua,Kabupaten Mamberamo Tengah
Papua,Kabupaten Mappi
Papua,Kabupaten Merauke
Papua,Kabupaten Mimika
Papua,Kabupaten Nabire
Papua,Kabupaten Nduga
Papua,Kabupaten Paniai
Papua,Kabupaten Pegunungan Bintang
Papua,Kabupaten Puncak Jaya
Papua,Kabupaten Puncak
Papua,Kabupaten Sarmi
Papua,Kabupaten Supiori
Papua,Kabupaten Tolikara
Papua,Kabupaten Waropen
Papua,Kabupaten Yahukimo
Papua,Kabupaten Yalimo
Papua Barat,Sorong
Papua Barat,Kabupaten Fakfak
Papua Barat,Kabupaten Kaimana
Papua Barat,Kabupaten Manokwari
Papua Barat,Kabupaten Maybrat
Papua Barat,Kabupaten Raja Ampat
Papua Barat,Kabupaten Sorong Selatan
Papua Barat,Kabupaten Sorong
Papua Barat,Kabupaten Tambrauw
Papua Barat,Kabupaten Teluk Bintuni
Papua Barat,Kabupaten Teluk Wondama
Riau,Dumai
Riau,Pekanbaru
Riau,Kabupaten Bengkalis
Riau,Kabupaten Indragiri Hilir
Riau,Kabupaten Indragiri Hulu
Riau,Kabupaten Kampar
Riau,Kabupaten Kepulauan Meranti
Riau,Kabupaten Kuantan Singingi
Riau,Kabupaten Pelalawan
Riau,Kabupaten Rokan Hilir
Riau,Kabupaten Rokan Hulu
Riau,Kabupaten Siak
Sulawesi Barat,Kabupaten Majene
Sulawesi Barat,Kabupaten Mamasa
Sulawesi Barat,Kabupaten Mamuju Utara
Sulawesi Barat,Kabupaten Mamuju
Sulawesi Barat,Kabupaten Polewali Mandar
Sulawesi Selatan,Makassar
Sulawesi Selatan,Palopo
Sulawesi Selatan,Parepare
Sulawesi Selatan,Kabupaten Bantaeng
Sulawesi Selatan,Kabupaten Barru
Sulawesi Selatan,Kabupaten Bone
Sulawesi Selatan,Kabupaten Bulukumba
Sulawesi Selatan,Kabupaten Enrekang
Sulawesi Selatan,Kabupaten Gowa
Sulawesi Selatan,Kabupaten Jeneponto
Sulawesi Selatan,Kabupaten Kepulauan Selayar
Sulawesi Selatan,Kabupaten Luwu Timur
Sulawesi Selatan,Kabupaten Luwu Utara
Sulawesi Selatan,Kabupaten Luwu
Sulawesi Selatan,Kabupaten Maros
Sulawesi Selatan,Kabupaten Pangkajene dan Kepulauan
Sulawesi Selatan,Kabupaten Pinrang
Sulawesi Selatan,Kabupaten Sidenreng Rappang
Sulawesi Selatan,Kabupaten Sinjai
Sulawesi Selatan,Kabupaten Soppeng
Sulawesi Selatan,Kabupaten Takalar
Sulawesi Selatan,Kabupaten Tana Toraja
Sulawesi Selatan,Kabupaten Toraja Utara
Sulawesi Selatan,Kabupaten Wajo
Sulawesi Tengah,Palu
Sulawesi Tengah,Kabupaten Banggai Kepulauan
Sulawesi Tengah,Kabupaten Banggai
Sulawesi Tengah,Kabupaten Buol
Sulawesi Tengah,Kabupaten Donggala
Sulawesi Tengah,Kabupaten Morowali
Sulawesi Tengah,Kabupaten Parigi Moutong
Sulawesi Tengah,Kabupaten Poso
Sulawesi Tengah,Kabupaten Sigi
Sulawesi Tengah,Kabupaten Tojo Una-Una
Sulawesi Tengah,Kabupaten Toli-Toli
Sulawesi Tenggara,Bau-Bau
Sulawesi Tenggara,Kendari
Sulawesi Tenggara,Kabupaten Bombana
Sulawesi Tenggara,Kabupaten Buton Utara
Sulawesi Tenggara,Kabupaten Buton
Sulawesi Tenggara,Kabupaten Kolaka Utara
Sulawesi Tenggara,Kabupaten Kolaka
Sulawesi Tenggara,Kabupaten Konawe Selatan
Sulawesi Tenggara,Kabupaten Konawe Utara
Sulawesi Tenggara,Kabupaten Konawe
Sulawesi Tenggara,Kabupaten Muna
Sulawesi Tenggara,Kabupaten Wakatobi
Sulawesi Utara,Bitung
Sulawesi Utara,Kotamobagu
Sulawesi Utara,Manado
Sulawesi Utara,Tomohon
Sulawesi Utara,Kabupaten Bolaang Mongondow Selatan
Sulawesi Utara,Kabupaten Bolaang Mongondow Timur
Sulawesi Utara,Kabupaten Bolaang Mongondow Utara
Sulawesi Utara,Kabupaten Bolaang Mongondow
Sulawesi Utara,Kabupaten Kepulauan Sangihe
Sulawesi Utara,Kabupaten Kepulauan Siau Tagulandang Biaro
Sulawesi Utara,Kabupaten Kepulauan Talaud
Sulawesi Utara,Kabupaten Minahasa Selatan
Sulawesi Utara,Kabupaten Minahasa Tenggara
Sulawesi Utara,Kabupaten Minahasa Utara
Sulawesi Utara,Kabupaten Minahasa
Sumatera Barat,Bukittinggi
Sumatera Barat,Padang
Sumatera Barat,Padangpanjang
Sumatera Barat,Pariaman
Sumatera Barat,Payakumbuh
Sumatera Barat,Sawahlunto
Sumatera Barat,Solok
Sumatera Barat,Kabupaten Agam
Sumatera Barat,Kabupaten Dharmasraya
Sumatera Barat,Kabupaten Kepulauan Mentawai
Sumatera Barat,Kabupaten Lima Puluh Kota
Sumatera Barat,Kabupaten Padang Pariaman
Sumatera Barat,Kabupaten Pasaman Barat
Sumatera Barat,Kabupaten Pasaman
Sumatera Barat,Kabupaten Pesisir Selatan
Sumatera Barat,Kabupaten Sijunjung
Sumatera Barat,Kabupaten Solok Selatan
Sumatera Barat,Kabupaten Solok
Sumatera Barat,Kabupaten Tanah Datar
Sumatera Selatan,Lubuklinggau
Sumatera Selatan,Pagaralam
Sumatera Selatan,Palembang
Sumatera Selatan,Prabumulih
Sumatera Selatan,Kabupaten Banyuasin
Sumatera Selatan,Kabupaten Empat Lawang
Sumatera Selatan,Kabupaten Lahat
Sumatera Selatan,Kabupaten Muara Enim
Sumatera Selatan,Kabupaten Musi Banyuasin
Sumatera Selatan,Kabupaten Musi Rawas
Sumatera Selatan,Kabupaten Ogan Ilir
Sumatera Selatan,Kabupaten Ogan Komering Ilir
Sumatera Selatan,Kabupaten Ogan Komering Ulu Selatan
Sumatera Selatan,Kabupaten Ogan Komering Ulu Timur
Sumatera Selatan,Kabupaten Ogan Komering Ulu
Sumatera Utara,Binjai
Sumatera Utara,Medan
Sumatera Utara,Padang Sidempuan
Sumatera Utara,Pematangsiantar
Sumatera Utara,Sibolga
Sumatera Utara,Tanjungbalai
Sumatera Utara,Tebingtinggi
Sumatera Utara,Kabupaten Asahan
Sumatera Utara,Kabupaten Batubara
Sumatera Utara,Kabupaten Dairi
Sumatera Utara,Kabupaten Deli Serdang
Sumatera Utara,Kabupaten Humbang Hasundutan
Sumatera Utara,Kabupaten Karo
Sumatera Utara,Kabupaten Labuhanbatu Selatan
Sumatera Utara,Kabupaten Labuhanbatu Utara
Sumatera Utara,Kabupaten Labuhanbatu
Sumatera Utara,Kabupaten Langkat
Sumatera Utara,Kabupaten Mandailing Natal
Sumatera Utara,Kabupaten Nias Barat
Sumatera Utara,Kabupaten Nias Selatan
Sumatera Utara,Kabupaten Nias Utara
Sumatera Utara,Kabupaten Nias
Sumatera Utara,Kabupaten Padang Lawas Utara
Sumatera Utara,Kabupaten Padang Lawas
Sumatera Utara,Kabupaten Pakpak Bharat
Sumatera Utara,Kabupaten Samosir
Sumatera Utara,Kabupaten Serdang Bedagai
Sumatera Utara,Kabupaten Simalungun
Sumatera Utara,Kabupaten Tapanuli Selatan
Sumatera Utara,Kabupaten Tapanuli Tengah
Sumatera Utara,Kabupaten Tapanuli Utara
Sumatera Utara,Kabupaten Toba Samosir
Yogyakarta,Yogyakarta
Yogyakarta,Kabupaten Bantul
Yogyakarta,Kabupaten Gunung Kidul
Yogyakarta,Kabupaten Kulon Progo
Yogyakarta,Kabupaten Sleman
